"id","data_pesquisa","last_verified","data_publicacao","plataforma","marca","segmento","url","tipo","formato","duracao","publico","estagio_funil","gancho","dor","promessa","estrutura_mensagem","prova","cta","estilo_visual","ritmo_edicao","comentarios_reacoes","motivo_relevancia","adaptacao_confeccontrol","riscos_pontos_fracos","nota_relevancia","nota_clareza","nota_diferenciacao","nota_credibilidade","nota_potencial_conversa","nota_facilidade_producao","nota_adequacao_marca","nota_adequacao_funil","classificacao","confianca_observacao","confianca_alegacao","status"
"C001","2026-08-18","2026-08-18","2026-08-07","Meta Ad Library / Meta Ads","Molde.me","Modelagem e encaixe para confecção","https://www.facebook.com/ads/library/?id=1422835979899945","Anúncio ativo observado","Vídeo vertical","0:37","Dono de confecção","Meio/Fundo","Se quem faz o encaixe faltar, o corte para?","Processo depende de uma pessoa","Encaixe pode ser executado por outras pessoas","Pergunta de risco → contraste antes/depois → mecanismo → convite","Demonstração do software no criativo","Saiba mais","Produto em tela e lista antes/depois","Direto, problema nos primeiros segundos e demonstração","A Biblioteca não expõe comentários nem desempenho","Pergunta operacional específica gera reconhecimento imediato","Se o dono faltar, alguém sabe o que entregar e cobrar? Mostrar o quadro real","Não prova venda; resolve encaixe, não gestão completa","9","9","8","7","9","7","8","9","Fato público + inferência","Alta","Média","Ativo verificado"
"C002","2026-08-18","2026-08-18","2026-05-29","Meta Ad Library / Meta Ads","iTAG RFID","Tecnologia RFID para indústria têxtil","https://www.facebook.com/ads/library/?id=1001170176204143","Anúncio ativo observado","Vídeo vertical","1:00","Gestor de confecção industrial","Meio/Fundo","Uma peça faltou para fechar o pedido","Produção parada, atraso e desgaste","Rastreio do rolo ao despacho","História concreta → consequências → mecanismo RFID → especialista","História e demonstração publicadas pela marca","Falar com especialista","Chão de fábrica e tecnologia em ação","Narrativo, tensão e solução técnica","A Biblioteca não expõe comentários nem desempenho","Transforma erro de contagem em custo visível","Usar apenas caso autorizado de pedido parado e mostrar o alerta real","História e resultado não validados externamente","9","9","8","6","8","5","8","9","Fato público + alegação da marca","Alta","Baixa","Ativo verificado"
"C003","2026-08-18","2026-08-18","2026-06-15","Meta Ad Library / Meta Ads","iTAG RFID","Tecnologia RFID para indústria têxtil","https://www.facebook.com/ads/library/?id=2297893920739374","Anúncio ativo observado","Vídeo de demonstração","1:09","Operação têxtil","Meio/Fundo","36 peças lidas em segundos","Conferência lenta e erro manual","Contagem automática integrada","Resultado visual → explicação do ID → aplicação → especialista","Demonstração do portal RFID; número é alegação do criativo","Falar com especialista","Prova de produto e peças em movimento","Demonstração primeiro, explicação depois","A Biblioteca não expõe comentários nem desempenho","Mostra o resultado antes de listar recursos","Mostrar pedido avançando no celular e painel atualizando, sem alegar ganho percentual","O número não se aplica ao ConfecControl e não foi auditado","8","9","9","8","8","4","7","9","Fato público + alegação da marca","Alta","Média","Ativo verificado"
"C004","2026-08-18","2026-08-18","2026-05-29","Meta Ad Library / Meta Ads","Matriz Sistemas","ERP para confecções","https://www.facebook.com/ads/library/?id=1671961137344584","Anúncio ativo observado","Vídeo vertical","0:36","Dono de fábrica","Meio/Fundo","Atraso não é culpa da equipe","Falta de visibilidade no chão de fábrica","Agir antes que o atraso vire reclamação","Retira culpa → revela causa → mostra acompanhamento → autoridade → CTA","Etapas no produto e 20 anos declarados","Ver detalhes","Vídeo de produto com texto causal","Curto, problema e mecanismo em sequência","A Biblioteca não expõe comentários nem desempenho","Retira culpa da equipe e aponta causa controlável","O pedido fica parado sem ninguém ver; mostrar o quadro do ConfecControl","Tempo de mercado é declaração da marca; sem prova de resultado","10","9","7","7","9","7","10","9","Fato público + alegação da marca","Alta","Média","Ativo verificado"
"C005","2026-08-18","2026-08-18","2026-05-29","Meta Ad Library / Meta Ads","Matriz Sistemas","ERP para confecções","https://www.facebook.com/ads/library/?id=1655101075771566","Anúncio ativo observado","Vídeo vertical","0:26","Proprietário de confecção","Meio/Fundo","Faturamento parece bom, mas a margem some","Custo invisível, desperdício e retrabalho","Enxergar custo real por peça","Sintoma financeiro → perdas no processo → dados do ERP → CTA","Recursos descritos e nota 4,8 autodeclarada","Ver detalhes","Vídeo curto com tensão financeira","Rápido e orientado a consequência","A Biblioteca não expõe comentários nem desempenho","Conecta produção ao dinheiro do decisor","Falar de cobrança e lucro por pedido apenas com cálculos reais","Não copiar recursos não existentes; nota e resultados não auditados","9","8","7","6","8","7","8","9","Fato público + alegação da marca","Alta","Baixa","Ativo verificado"
"C006","2026-08-18","2026-08-18","2026-08-07","Meta Ad Library / Meta Ads","WebPic / Dapic","ERP têxtil e de confecção","https://www.facebook.com/ads/library/?id=1977958332859256","Anúncio ativo observado","Imagem estática","n/a","Confecção pequena e média","Meio/Fundo","Pedido no papel, estoque no achismo, ficha sem confiança","Informação espalhada e rotina de incêndio","Centralizar pedido, produção, estoque e financeiro","Três sintomas → causa → centralização → autoridade → CTA","Especialização declarada de 34 anos","Saiba mais","Imagem estática com copy diagnóstica","Leitura direta; sem edição","A Biblioteca não expõe comentários nem desempenho","Usa três sintomas no vocabulário do nicho","Uma tela real com prazo, etapa e saldo destacados","Longevidade é alegação; visual não foi medido","10","9","6","7","8","9","9","9","Fato público + alegação da marca","Alta","Média","Ativo verificado"
"C007","2026-08-18","2026-08-18","2026-08-07","Meta Ad Library / Meta Ads","WebPic / Dapic","ERP têxtil e de confecção","https://www.facebook.com/ads/library/?id=1391699119554709","Anúncio ativo observado","Imagem estática, variação","n/a","Confecção pequena e média","Meio/Fundo","Centralize sua confecção em um só lugar","Controles paralelos","Fluxo único e histórico","Sintomas → centralização → experiência da marca → CTA","Variação pública da mesma campanha","Saiba mais","Imagem estática e landing dedicada","Leitura direta; sem edição","A Biblioteca não expõe comentários nem desempenho","Mostra como variar a execução mantendo a oferta","Testar caderno versus quadro com visual e texto próprios","Variação não comprova performance","8","8","5","6","7","9","8","8","Fato público + inferência","Alta","Baixa","Ativo verificado"
"C008","2026-08-18","2026-08-18","2026-08-14","Meta Ad Library / Meta Ads","Conceito Sistemas","ERP para moda e confecção","https://www.facebook.com/ads/library/?id=27396372563375618","Anúncio ativo observado","Imagem estática","n/a","Marca própria","Meio","Marca não perde só vendendo pouco; perde produzindo o que não gira","Mix, cor, material e estoque parado","Conectar coleção, compra, produção e indicadores","Contraste → exemplos de perda → causa sistêmica → avaliação","Cadeia causal detalhada; sem resultado publicado","Cadastre-se","Headline curta e texto diagnóstico","Leitura progressiva; sem edição","A Biblioteca não expõe comentários nem desempenho","Recorta segmento e perda específicos","Para uniformes: não é só vender o lote; é produzir a grade certa e receber","Foco em marca própria; não serve a todo ICP","8","9","8","7","8","8","8","9","Fato público + inferência","Alta","Média","Ativo verificado"
"C009","2026-08-18","2026-08-18","2026-07-29","Meta Ad Library / Meta Ads","KM Sistemas","Sistema de produção","https://www.facebook.com/ads/library/?id=1061419542891203","Anúncio ativo observado","Vídeo com destino WhatsApp","duração não informada","Gestor de produção","Meio/Fundo","Acompanhe cada etapa direto do celular","Prazos, planejado e produzido sem visão","Controle por setor e menos retrabalho","Mecanismo móvel → quatro benefícios → convite à conversa","Demonstração/descrição do uso móvel","Falar no WhatsApp","Celular e benefícios em lista","Curto e orientado a função","A Biblioteca não expõe comentários nem desempenho","Alinha uso móvel ao cotidiano da fábrica","Gravar funcionário movendo etapa e gestor vendo a atualização","Não apresenta prova de resultado","10","9","7","6","9","6","10","9","Fato público + inferência","Alta","Baixa","Ativo verificado"
"C010","2026-08-18","2026-08-18","2025-07-09","Meta Ad Library / Meta Ads","GUT Consultoria","Sistema para fábricas de uniformes","https://www.facebook.com/ads/library/?id=1088779943129813","Anúncio ativo observado","Vídeo vertical","0:53","Fábricas de uniformes","Meio","Sistema genérico não acompanha detalhes de uniformes","Modelo, tecido, fluxo e rastreio específicos","Solução desenhada para o segmento","Problema do genérico → detalhes do fluxo → benefícios → WhatsApp","Descrição de sistema ainda em desenvolvimento","Enviar mensagem no WhatsApp","Vídeo e checklist vertical","Explicativo, um benefício por bloco","A Biblioteca não expõe comentários nem desempenho","A especificidade aumenta relevância","Landing/demo de uniformes apenas com recursos reais e limites claros","Sistema estava em desenvolvimento e não tinha prova pública","9","8","8","5","8","6","9","8","Fato público + inferência","Alta","Baixa","Ativo verificado"
"C011","2026-08-18","2026-08-18","2026-06-05","LinkedIn","Conceito Sistemas","ERP para confecções","https://pt.linkedin.com/posts/conceito-sistemas-do-brasil_conceitosistemas-gest%C3%A3odeconfec%C3%A7%C3%A3o-erpparaconfec%C3%A7%C3%A3o-activity-7468711484315820032-5RQ1","Post orgânico","Imagem + texto longo","n/a","Gestor de confecção em crescimento","Topo/Meio","A gestão acompanhou o crescimento?","Planilhas e mensagens deixam de escalar","Integração e visibilidade","Pergunta diagnóstica → sinais de crescimento → consequência → reflexão","Especialização declarada; sem caso mensurável","Pergunta para reflexão","Imagem de marca e texto educativo","Leitura longa, sem edição","Comentários não ficaram visíveis","O gestor reconhece o momento de transição","Se os pedidos dobrassem amanhã, seu controle aguentaria? Mostrar o quadro real","Sem caso ou resultado mensurável","9","9","6","6","8","9","9","8","Fato público + inferência","Alta","Baixa","Publicação localizada"
"C012","2026-08-18","2026-08-18","2026-06-26","LinkedIn","Daniela Alves","Gestão industrial / ERP","https://pt.linkedin.com/posts/daniela-alves-b457b182_agora-n%C3%A3o-%C3%A9-hora-de-investir-em-sistema-activity-7476323492184027136-5c1i","Post orgânico","Texto longo","n/a","Dono de indústria","Meio","Agora não é hora de investir em sistema","Sobra/falta de tecido, custo distorcido, estoque e retrabalho","Tecnologia como proteção da margem","Objeção → custos ocultos → nova leitura do investimento → reflexão","Experiência profissional narrada; sem dados verificáveis","Refletir sobre o custo de continuar","Texto narrativo","Cadência de objeção e consequência","Comentários não observados","Começa pela barreira real, não pela ferramenta","Carrossel sobre custo da desorganização sem inventar valores","Sem números ou caso verificável","8","8","7","6","7","10","8","8","Fato público + inferência","Alta","Baixa","Publicação localizada"
"C013","2026-08-18","2026-08-18","2026-02-26","LinkedIn","Bunto ERP","ERP industrial","https://pt.linkedin.com/posts/buntosistemas_erp-ind%C3%BAstria-pcp-activity-7432871296348155904-6HEG","Post orgânico","Checklist + interface","n/a","Pequena indústria","Meio","Cinco sinais de que precisa de PCP digital","Terceiros, remessa, insumo, custo e fechamento","Produção digital integrada","Lista de sinais → tela → pergunta ao público","Checklist concreto e captura do produto","Comentar o sinal mais comum","Lista numerada e tela","Escaneável e salvável","3 reações e nenhum comentário público no recorte","Diagnóstico específico substitui benefício genérico","5 sinais de que a confecção perdeu o controle dos pedidos","Relato de visitas é autodeclarado; NF-e do ConfecControl indisponível","9","9","7","6","9","9","9","9","Fato público + inferência","Alta","Baixa","Publicação localizada"
"C014","2026-08-18","2026-08-18","2026-04-02","LinkedIn","Rafael Honório","PPCP e gestão industrial","https://pt.linkedin.com/posts/rafael-hon%C3%B3rio-produ%C3%A7%C3%A3o_sop-ppcp-gestaoindustrial-activity-7445430702378135552-yl0M","Post educativo","Imagem + exemplo numérico","n/a","Gestor industrial","Topo","Comercial vende em peças; fábrica responde em minutos","Demanda acima da capacidade","Decidir por capacidade, prazo e margem","Contraste de unidades → exemplo calculado → implicação gerencial","Exemplo numérico ilustrativo, não caso","Educação sem CTA comercial forte","Quadro e cálculo visual","Didático, progressivo","19 reações; 3 comentários do próprio autor no recorte","Transforma conceito técnico em cenário simples","Reel educativo sobre prioridade sem alegar cálculo automático","ConfecControl não calcula capacidade hoje","7","8","8","8","6","6","7","8","Fato público + inferência","Alta","Média","Publicação localizada"
"C015","2026-08-18","2026-08-18","2026-02-24","LinkedIn","Dr. Gestão","Consultoria de gestão / PPCP","https://pt.linkedin.com/posts/drgestaooficial_drgest%C3%A3o-ch%C3%A3odef%C3%A1brica-ppcp-activity-7432073354599227393-iaqR","Post orgânico","Imagem + copy curta","n/a","Dono de confecção","Topo/Captação","A fábrica flui ou vira campo de guerra","Ninguém sabe a prioridade e tudo vira urgência","Fluxo conectado","Metáfora visual → causa → convite por palavra-chave","Metáfora e experiência da marca; sem resultado","Comentar palavra-chave","Contraste organizado versus caos","Curto, visual e direto","10 reações; 1 comentário público no recorte","Contraste forte e CTA simples","Vídeo dividido entre correria e quadro do dia; CTA checklist","Sem prova de resultado; comentário não equivale a venda","8","8","7","6","9","8","8","8","Fato público + inferência","Alta","Baixa","Publicação localizada"
"C016","2026-08-18","2026-08-18","2025-08-21","LinkedIn","Systêxtil","ERP têxtil","https://pt.linkedin.com/posts/systextil_erpcloud-gest%C3%A3ot%C3%AAxtil-ind%C3%BAstria4-activity-7364265105636630529--4NJ","Post orgânico","Carrossel 5 cards","n/a","Gestão e operação têxtil","Meio/Fundo","Cada segundo conta","Apontamento demorado, impreciso e burocrático","Visão instantânea pelo celular","Dor → função móvel → benefícios para operação/gestão → conversa","Demonstração visual da funcionalidade","Agendar conversa","Tela móvel e sequência curta","Um benefício por card","11 reações; comentários não visíveis no recorte","Uma função atende gestor e chão de fábrica","Gravação real de etapa no celular e painel atualizando","Não há dados públicos de desempenho","9","9","7","7","8","6","10","9","Fato público + inferência","Alta","Média","Publicação localizada"
"C017","2026-08-18","2026-08-18","2024-05-20","LinkedIn","Consistem + Patogê","ERP têxtil / caso de jeans","https://pt.linkedin.com/posts/consistem-sistemas-ltda_sistema-erp-para-t%C3%AAxtil-e-confec%C3%A7%C3%A3o-consistem-activity-7198397679788249089-aJHH","Caso de cliente","Imagem + caso curto","n/a","Confecção média","Fundo","Resultado de uma marca de jeans identificada","Processos limitando crescimento","Mais capacidade, informação e suporte","Cliente → desafio → resultados percentuais → demonstração","Cliente nomeado e percentuais declarados pela fornecedora","Demonstração gratuita","Logo/foto e números","Rápido e orientado a prova","14 reações; comentários não visíveis no recorte","Caso reduz risco e comunica valor em pouco espaço","Antes/depois somente com cliente autorizado e dados comprovados","Percentuais não auditados externamente","8","9","7","7","8","8","8","10","Alegação da marca","Alta","Média","Publicação localizada"
"C018","2026-08-18","2026-08-18","2025-07-21","LinkedIn","Omie","ERP para pequenos negócios","https://pt.linkedin.com/posts/danielrosa1_omie-whatsapp-ia-activity-7353071428679753728-_wUz","Campanha em vídeo","Vídeo nativo","duração não informada","Pequenos negócios","Meio/Fundo","Situação cotidiana leva à consulta por WhatsApp","Fricção de sair do canal habitual","Executar tarefas no canal natural","Cena/humor → demonstração → marca → palavra-chave","Demonstração da função dentro da narrativa","Comentar palavra-chave","Cena cotidiana, humor e produto","História primeiro, produto depois","175 reações e 21 comentários; vários repetiram a palavra-chave","Mostra história antes do produto e CTA observável","O pedido chega no WhatsApp, mas a gestão não pode ficar perdida nele","Resposta ao CTA não prova venda; ConfecControl não opera dentro do WhatsApp","8","9","9","8","10","5","7","9","Fato público + inferência","Alta","Média","Publicação localizada"
"C019","2026-08-18","2026-08-18","2026-03-30","LinkedIn","Massei Uniformes","Fábrica de uniformes","https://pt.linkedin.com/posts/rafael-massei-6018a694_o-bastidor-%C3%A9-onde-a-excel%C3%AAncia-realmente-activity-7444488631169462274-oF6j","Post orgânico","Vídeo tour","duração não informada","Compradores e gestores de uniformes","Topo/Confiança","Excelência acontece nos bastidores","Processo produtivo é invisível ao cliente","Estrutura e organização geram confiança","Tour → etapas → pessoas/máquinas → fechamento institucional","Fábrica, pessoas e processo reais","Sem CTA comercial forte","Câmera em movimento pelo chão de fábrica","Espontâneo e sequencial","Comentários elogiaram organização; houve crítica técnica; contagem não registrada","Chão de fábrica real gera confiança e discussão técnica","Visitar cliente autorizado e sobrepor status do pedido nas etapas","Números apresentados são da marca e precisam de validação","9","8","8","9","7","4","9","8","Fato público + inferência","Alta","Média","Publicação localizada"
"C020","2026-08-18","2026-08-18","2026-04-08","LinkedIn","Indústria Gráfica Santa Marta","Indústria gráfica, referência adjacente","https://pt.linkedin.com/posts/santamartaind_bastidores-activity-7447723461755650048-ZU12","Post orgânico","Carrossel 6 cards","n/a","Compradores B2B","Topo","O que acontece antes de o produto chegar","Complexidade e qualidade invisíveis","Processo acompanhado do início ao acabamento","Pergunta → uma etapa por card → produto final → site","Fotos reais de pessoas e máquinas","Visitar site","Progressão visual com fotos reais","Uma etapa por card","Comentários/reações não observados","A estrutura pode ser adaptada à confecção","Pedido, aprovação, corte, costura/estampa, acabamento e entrega","É de segmento adjacente, não prova interesse do ICP","7","9","7","9","6","6","8","8","Fato público + inferência","Alta","Alta","Publicação localizada"
"C021","2026-08-18","2026-08-18","2026-03-09","LinkedIn","Matheus Carlucci / fábrica de uniformes","Marketing para uniformes","https://pt.linkedin.com/posts/matheus-carlucci-626b85104_fevereiro-foi-um-m%C3%AAs-interessante-aqui-na-activity-7436790156445048832-lk_7","Post de bastidor","Texto","n/a","Gestores de uniformes","Meio/Autoridade","ROAS autodeclarado e operação alinhada à oferta","Mercado competitivo e prazo sazonal","Posicionamento, timing e operação elevam resultado","Resultado alegado → contexto → fatores operacionais → aprendizado","Números e estratégia declarados pelo autor","Sem CTA comercial forte","Texto de bastidor","Leitura narrativa","1 comentário genérico no recorte","Mostra que oferta precisa caber na capacidade operacional","Planejar campanha antes do pico e prometer somente o prazo suportado","ROAS não auditado e não é benchmark","6","7","8","5","5","9","6","7","Alegação da marca","Alta","Baixa","Publicação localizada"
"C022","2026-08-18","2026-08-18","2022-06-27","YouTube","Bling","ERP para pequenos negócios","https://www.youtube.com/watch?v=BmMauvitRZI","Treinamento","Vídeo longo com capítulos","pelo menos 58 min","Pequenos negócios","Fundo/Onboarding","Manter o negócio rodando com estoque controlado","Entradas, saídas, depósitos e reservas","Dominar o módulo na prática","Introdução → capítulos por tarefa → interface → teste","Interface real e passo a passo completo","Teste gratuito","Gravação de tela","Lento, pesquisável e dividido em capítulos","41.930 visualizações e 529 curtidas no recorte; comentários não inspecionados","Conteúdo de suporte também atende pesquisa de solução","Demo completa do ConfecControl recortada em vídeos de 30–45 s","Vídeo antigo e produto genérico; métricas não provam venda","6","8","5","9","5","5","7","9","Fato público + inferência","Alta","Alta","Publicação localizada"
"C023","2026-08-18","2026-08-18","2025-05-12","TikTok Shop Seller University","TikTok Shop","Marketplace / operação de sellers","https://seller-br.tiktok.com/university/essay?knowledge_id=605713333683985","Conteúdo educacional oficial","Vídeo incorporado","duração não informada","Lojistas TikTok Shop","Meio/Ativação","Trabalhar com eficiência e enviar mais rápido","Estoque dessincronizado, NF-e e processamento manual","Sincronização e agilidade operacional","Dor → benefício operacional → instalação de ERP","Material oficial da plataforma","Instalar ERP","Um resultado operacional central","Educativo e orientado à ativação","Página sem comentários","Velocidade é mais clara que lista de módulos","Série de um resultado: prazo, etapa, saldo ou estoque","Segmento adjacente; NF-e do ConfecControl está indisponível","5","8","6","9","5","7","5","8","Fato público + inferência","Alta","Alta","Publicação localizada"
"C024","2026-08-18","2026-08-18","não informada","Site","Mire Data","ERP para confecção e moda","https://www.miredata.com.br/","Landing page","Página de conversão","n/a","Dono de confecção e marca","Fundo","Controle do croqui ao faturamento","Margem, estoque parado, caixa e atraso em facções","Saber onde ganha, perde e deve agir","Promessa → decisões do dono → módulos → prova → demonstração","Marcas e depoimentos identificados pela empresa","Agendar demonstração / WhatsApp","Página orientada a decisões e prova social","Progressão de dor a prova","Não aplicável; landing page","Traduz módulos em consequências financeiras","Organizar página por produzir, entregar e cobrar com prova própria","Resultados e clientes são declarações públicas da marca","9","9","8","8","9","8","9","10","Fato público + alegação da marca","Alta","Média","Página ativa verificada"
"C025","2026-08-18","2026-08-18","não informada","Site","Agulhão ERP","ERP para confecções, facções e moda","https://www.agulhao.com.br/","Landing page","Página de conversão","n/a","Confecção, facção e loja de moda","Fundo","Sistema feito para o setor","ERP genérico e implantação difícil","Rotinas específicas com suporte humano","Especialização → recursos → confiança → teste/especialista","15 anos, clientes identificados e teste acompanhado declarados","Teste ou especialista","Telas, depoimentos e sinais legais","Completa, consultiva e orientada à redução de risco","Não aplicável; landing page","Trata suporte como parte do produto","Mostrar implantação acompanhada e primeiro fluxo, sem prazo não provado","Escopo amplo e alegações da própria marca","9","9","7","8","9","8","9","10","Fato público + alegação da marca","Alta","Média","Página ativa verificada"
"C026","2026-08-18","2026-08-18","não informada","Site","Brinderoz","Gráfica, estamparia e personalizados","https://www.brinderoz.com.br/","Landing page","Página de conversão e preço","n/a","Gráfica, papelaria, sublimação e estamparia","Fundo","Fim de planilha, pedido perdido e prazo estourado","Operação dispersa","Orçamento, estoque e Kanban verticalizados","Dor vertical → recursos → preço/teste → CTA","R$ 39,90 / R$ 94,90, teste de 10 dias; NF-e adicional desde R$ 13/mês","Começar grátis / WhatsApp","Seções por segmento e planos","Direto e comercial","Não aplicável; landing page","Alta especificidade por segmento e transparência","Landing de estamparia com telas/dados reais","Contadores zerados observados prejudicam confiança; preços mudam","8","9","8","7","9","8","8","10","Fato público + alegação da marca","Alta","Média","Página ativa verificada"
"C027","2026-08-18","2026-08-18","não informada","Site","Atentor ERP","Varejo e indústria de confecção","https://atentor.com/","Landing page","Página de produto e preço","n/a","Varejo e indústria de roupas e acessórios","Fundo","Da fábrica aos canais de venda","Produção, loja e vendedores desconectados","Operação modular","Posicionamento → módulos → planos → demonstração","Telas, preços, CNPJ e descrição de implantação","Demonstração / WhatsApp","Cards de planos e módulos","Escaneável e comparável","Não aplicável; landing page","Transparência comercial reduz incerteza","Explicar trabalhos resolvidos sem tentar vencer pelo menor preço","PCP fica no personalizado; preço básico não é comparável","8","9","6","8","9","8","7","10","Fato público + alegação da marca","Alta","Média","Página ativa verificada"
"C028","2026-08-18","2026-08-18","não informada","Site","Sisplan / Apexcon","Sistema para confecção de uniformes","https://www.apexcon.com.br/sistema-para-confeccao-de-uniforme","Landing vertical","Página para uniformes","n/a","Confecção de uniformes","Fundo","Orçamento, ficha e preço em uma tela","Personalização, repetição, consumo e margem","Pedido aprovado vira produção","Dor vertical → função → telas → orçamento","Telas e experiência/base declaradas pela marca","Solicitar orçamento","Detalhe funcional e telas","Denso, técnico e vertical","Não aplicável; landing page","Fala diretamente com o fluxo de uniformes","Mostrar histórico, grade, prazo e saldo quando suportados","Alegações não auditadas; conferir recursos atuais","9","9","8","7","9","7","9","10","Fato público + alegação da marca","Alta","Média","Página ativa verificada"
"C029","2026-08-18","2026-08-18","não informada","Site","Textil Solution","Sistema para camisetas e uniformes","https://textilsolution.com.br/","Landing page","Página de conversão e preço","n/a","Camisetas, uniformes e produção sob encomenda","Fundo","Menos correria e mais entrega no prazo","Refazer peça, descobrir atraso tarde e esquecer pagamento","Sistema simples no navegador e celular","Dor → fluxo em 3 passos → recursos → planos → FAQ","Preços públicos, teste sem cartão, termos e recursos descritos","Começar teste / WhatsApp","Mockups, planos e linguagem simples","Didático e orientado a iniciantes","Não aplicável; landing page","Traduz função em consequência cotidiana","Diferenciar com tela real, bancada, implantação e casos","Sem prova pública de resultados; promessa de IA precisa ser verificada","9","9","7","7","9","8","9","10","Fato público + alegação da marca","Alta","Média","Página ativa verificada"
"C030","2026-08-18","2026-08-18","não informada","Site","Conquest ERP","ERP para confecções","https://conquest.com.br/erp-para-confeccoes/","Landing vertical","Página SEO e demonstração","n/a","Confecções","Fundo","Controle e produtividade para confecções","Grade, tecido, corte e retrabalho","Produção, estoque, fiscal e financeiro","SEO vertical → lista de recursos → tela → agenda/teste","Planos gerais de R$ 100, R$ 200 e R$ 400/mês; telas e agenda","Agendar demonstração / teste","Lista de recursos e calendário","Denso e funcional","Não aplicável; landing page","Agendamento imediato reduz atrito","Oferecer agenda curta e prova exclusivamente do nicho","Depoimento observado era de outro segmento; vertical sem preço próprio","7","8","5","6","8","8","7","9","Fato público + alegação da marca","Alta","Média","Página ativa verificada"
